SERIAL_NO,NAME
26E100A11,ALKA
26E100A12,ADRITA
26E100A22,KOMAL KASTURI DAS
26E100A24,ARYAN JHA
26E101A88,ADITI ANAND
26E102A32,SMRUTI REKHA BARIK
26E102A92,DISHA BEHERA
26E102B79,ARYAN BISWAL
26E103A01,RACHANA CHAKI
26E104A03,ROSHAN DALABEHERA
26E104B39,SUBHASMITA DASH
26E104B56,SWASTIK SWARAJ DASH
26E104C08,DEBAJYOTI DHAOYA
26E107A27,ARITRA GHOSH
26E107A75,ANKIT GUPTA
26E100A14,THAMAN JAY
26E110A33,AVIJEET JENA
26E110A41,JEEVAN JYOTI JENA
26E111A33,MAYANK KASHYAP
26E111A86,ABHISHEK KUIRY
26E111A94,GOURAB KUMAR
26E111B17,REETESH KUMAR
26E111838,NITIN KUMAR
26E111C12,ADHYA KUMARI
26E111C36,SONAL KUMARI
26E111C47,NANDINI KUMARI
26E111C59,PANKAJ KUMAR KUSHWAHA
26E113A75,ANUSHKA MALL
26E113B52,SAMBIT MISHRA
26E113B65,SARMISTA MISHRA
26E114A20,ASHUTOSH NANDA
26E114B10,VEENITH KRISHNA NAYAK
26E114B32,ADITYA NARAYAN NAYAK
26E115A07,MOHAMMED OWAIS
26E116A53,PRIYADARSANI PANDA
26E116B02,SHRUTI PANDEY
26E116B27,AMULYA PANKAJ
26E116B48,SUBHA SANDHYA PARIDA
26E116B54,PRATIK KUMAR PARIDA
26E116B71,SUKIRTI PATHAK
26E118A33,SHAURYA RAJ
26E118A36,SAHIL RAJ
26E118A72,AASTHA RANJAN
26E118B74,SHREEJITA ROY
26E118C03,ABHIPSA ROY
26E119A07,PIYUSH SAGAR
26E119A17,RITISH SAHA
26E119C06,ANSHU RAJ SAHU
26E119C15,BIRENDRA SAHU
26E119D14,SUSHIL KUMAR SAW
26E119D52,LUV KUMAR SHARMA
26E119E17,DEV PRATHAM SINGH
26E119E81,AYUSH SINHA
26E119G20,SITANSU KUMAR SAHOO
26E120A12,PREETAM THOTA
26E125A03,HIMANSHU SHEKHAR YADAV